option,n_distinct_bins,N,share_firms
A4,1,4989782,0.902543638263517
A4,2,512568,0.0927124647083689
A4,3,25957,0.00469505986802752
A4,4,270,4.88371600865829e-05
