option,share_firms_ever_changed,yoy_change_rate,n_multi_year_firms,n_firms_ever_changed,n_yoy_pairs,n_yoy_changed,up_moves,down_moves,skip_bin_moves,share_skip_bin_moves,recommendation_flag
A4,0.199009132107895,0.0653776886697707,4899745,975094,29129693,1904432,1012598,891834,31594,0.0165897233400825,1
A3,0.0329553884947074,0.0100882628594816,4899745,161473,29129693,293868,,,,,
B,0.529841354976913,0.199858687143002,4899744,2596087,29129692,5821822,,,,,
