option,n_distinct_bins,N,share_firms
A3,1,5436844,0.982622961071146
A3,2,94401,0.0170614772371761
A3,3,1746,0.000315561691678154
