option,n_distinct_bins,N,share_firms
B,1,2303657,0.470158645023087
B,2,1865961,0.380828263680715
B,3,730126,0.149013091296198
