option,n_distinct_bins,N,share_firms
A4,1,3924651,0.800990867892105
A4,2,901516,0.18399243225923
A4,3,72091,0.0147132146672939
A4,4,1487,0.000303485181371684
