option,n_distinct_bins,N,share_firms
A3,1,4738272,0.967044611505293
A3,2,156793,0.0320002367470144
A3,3,4680,0.000955151747692992
