option,n_distinct_bins,N,share_firms
B,1,3647307,0.659183119103297
B,2,1610805,0.291123139392211
B,3,274959,0.0496937415044918
