muni_emp_quartile,quartile_label,n_firm_years_total,n_firm_years_xx,emp_total,emp_xx,xx_share_firm_years,xx_share_employment
1,Q1,543375,40507,6105932,3529927,7.45470439383483,57.8114364850444
2,Q2,1360019,55767,13980914,6176803,4.10045742008016,44.1802517346148
3,Q3,3432255,83630,34505586,10095138,2.43659052139191,29.2565325509904
4,Q4,38845756,578794,591664506,97688930,1.48998001223094,16.5108653653123
