cluster,ar_F,ar_p,n_obs
muni_oneway,4.19163639733565,1.95850082213835e-05,89009
muni_year_twoway,2.09040033077657,0.0268372811597631,89009
