recipient_class,value_dis,n_loans,share_value
productive_firm,41768577437700,1652906,0.716357923609463
public_entity,16480388469667,5309,0.282649244686799
financial_institution,57888893992,1833,0.000992831703737358
