block,n_chan,joint_F,joint_p,n_obs
mains,3,119.740082376015,1.66927410755352e-77,328385
plus_pairs,6,52705404.9147992,0,328385
plus_triple,7,48610060.0034365,0,328385
