coverage_class,n_rows,share
in_rais_panel,40706050,0.921338966019754
owner_only_no_rais,3373874,0.0763641174380942
bndes_only_no_rais,101481,0.00229691654215161
